{"cameraMode":{"drawMode":0,"name":"Shaded","section":"Shading Mode"},"sceneLighting":true,"audioPlay":false,"sceneViewState":{"m_AlwaysRefresh":false,"showFog":true,"showSkybox":true,"showFlares":true,"showImageEffects":true,"showParticleSystems":true,"showVisualEffectGraphs":true,"m_FxEnabled":true},"in2DMode":false,"pivot":{"x":755.5852661132813,"y":993.3463745117188,"z":-41.43573760986328},"rotation":{"x":-0.02579459361732006,"y":0.030581936240196229,"z":-0.0007895421585999429,"w":-0.9991976022720337},"size":697.7780151367188,"orthographic":false}